JobID,Year,Salary,Estimate_Boolean,Title,Org Type,Location
1001,2012,"$42,304.85 ",,Prospect Research Specialist,Higher Ed,IN
1002,2012,"$19,715.23 ",,Recp Prospect Research Asst,Higher Ed,IN
1003,2013,"$30,978.60 ",,Recp Prospect Research Asst,Higher Ed,IN
1004,2013,"$43,593.42 ",,Prospect Research Specialist,Higher Ed,IN
1005,2013,"$25,759.79 ",,Recp Prospect Research Asst,Higher Ed,IN
1006,2014,"$44,904.02 ",,Prospect Research Specialist,Higher Ed,IN
1007,2014,"$30,996.00 ",,Recp Prospect Research Asst,Higher Ed,IN
1008,2014,"$31,756.87 ",,Recp Prospect Research Asst,Higher Ed,IN
1009,2014,"$17,784.57 ",,Prospect Research Asst Recp,Higher Ed,IN
1010,2014,"$56,736.44 ",,Associate Director - Development-Prospect Research,Higher Ed,UT
1011,2014,"$37,115.36 ",,Analyst - Data And Prospect Research,Higher Ed,UT
1012,2014,"$26,260.08 ",,Prospect Research & Management Coordinator,Higher Ed,UT
1013,2015,"$46,068.16 ",,Prospect Research Specialist,Higher Ed,IN
1014,2015,"$30,456.83 ",,Prospect Research Asst Recp,Higher Ed,IN
1015,2015,"$58,750.08 ",,Associate Director - Development-Prospect Research,Higher Ed,UT
1016,2015,"$43,527.96 ",,Annual Giving & Prospect Management Coordinator,Higher Ed,UT
1017,2015,"$23,458.72 ",,Analyst 1 - Data And Prospect Research,Higher Ed,UT
1018,2015,"$13,525.60 ",,Analyst 1 - Data And Prospect Research,Higher Ed,UT
1019,2016,"$47,085.21 ",,Prospect Research Specialist,Higher Ed,IN
1020,2016,"$32,337.73 ",,Prospect Research Asst Recp,Higher Ed,IN
1021,2016,"$59,925.12 ",,Associate Director - Development-Prospect Research,Higher Ed,UT
1022,2016,"$45,829.32 ",,Annual Giving & Prospect Management Coordinator,Higher Ed,UT
1023,2016,"$35,892.00 ",,Analyst 1 - Data And Prospect Research,Higher Ed,UT
1024,2016,"$31,636.28 ",,Assistant - Data & Prospect Research,Higher Ed,UT
1025,2017,"$48,348.00 ",,Prospect Research Analyst,Higher Ed,NV
1026,2017,"$63,968.00 ",,Prospect Research Analyst,Higher Ed,NV
1027,2017,"$63,968.00 ",,Prospect Research Analyst,Higher Ed,NV
1028,2017,"$48,348.00 ",,Prospect Research Analyst,Higher Ed,NV
1029,2017,"$47,931.26 ",,Prospect Research Specialist,Higher Ed,IN
1030,2017,"$17,161.65 ",,Prospect Research Specialist,Higher Ed,IN
1031,2017,"$7,075.35 ",,Prospect Research Asst Recp (Inactive),Higher Ed,IN
1032,2017,"$60,762.00 ",,Associate Director - Prospect Development,Higher Ed,UT
1033,2017,"$47,084.00 ",,Annual Giving & Prospect Management Coordinator,Higher Ed,UT
1034,2017,"$36,635.41 ",,Analyst 1 - Data And Prospect Research,Higher Ed,UT
1035,2017,"$26,965.35 ",,Assistant - Data And Prospect Research,Higher Ed,UT
1036,2017,"$4,967.83 ",,Assistant - Data And Prospect Research,Higher Ed,UT
1037,2018,"$68,489.00 ",,Prospect Research Analyst,Higher Ed,NV
1038,2018,"$29,625.00 ",,Prospect Research Analyst,Higher Ed,NV
1039,2018,"$48,960.00 ",,Prospect Research Analyst,Higher Ed,FL
1040,2018,"$68,489.00 ",,Prospect Research Analyst,Higher Ed,NV
1041,2018,"$52,401.00 ",,Prospect Research Analyst,Higher Ed,FL
1042,2018,"$50,000.00 ",,Prospect Research Analyst,Higher Ed,FL
1043,2018,"$48,000.00 ",,Prospect Research Analyst,Higher Ed,AZ
1044,2018,"$48,000.00 ",,Prospect Research Analyst,Higher Ed,AZ
1045,2018,"$48,000.00 ",,Prospect Research Analyst,Higher Ed,AZ
1046,2018,"$48,000.00 ",,Prospect Research Analyst,Higher Ed,AZ
1047,2018,"$49,215.54 ",,Prospect Research Specialist,Higher Ed,IN
1048,2018,"$31,515.18 ",,Prospect Research Specialist (Inactive),Higher Ed,IN
1049,2018,"$47,687.43 ",,Associate Director - Prospect Development,Higher Ed,UT
1050,2018,"$48,000.00 ",,Annual Giving & Prospect Management Coordinator,Higher Ed,UT
1051,2018,"$33,647.75 ",,Analyst I - Data And Prospect Research,Higher Ed,UT
1052,2018,"$32,250.00 ",,Assistant - Data And Prospect Research,Higher Ed,UT
1053,2018,"$5,059.14 ",,Analyst I - Data And Prospect Research,Higher Ed,UT
1054,2018,"$5,158.26 ",,Associate Director - Prospect Development,Higher Ed,UT
1055,2019,"$49,000.00 ",,Prospect Research Analyst,Higher Ed,FL
1056,2019,"$52,401.00 ",,Prospect Research Analyst,Higher Ed,FL
1057,2019,"$48,374.00 ",,Prospect Research Analyst,Higher Ed,FL
1058,2019,"$57,627.00 ",,Prospect Research Analyst,Higher Ed,FL
1059,2019,"$45,030.00 ",,Prospect Research Analyst,Higher Ed,MA
1060,2019,"$50,118.00 ",,Prospect Research Analyst,Higher Ed,FL
1061,2019,"$50,000.00 ",,Prospect Research Analyst,Higher Ed,FL
1062,2019,"$44,880.00 ",,Prospect Research Analyst,Higher Ed,FL
1063,2019,"$41,944.00 ",,Prospect Research Analyst,Higher Ed,FL
1064,2019,"$48,000.00 ",,Prospect Research Analyst,Higher Ed,AZ
1065,2019,"$48,000.00 ",,Prospect Research Analyst,Higher Ed,AZ
1066,2019,"$48,000.00 ",,Prospect Research Analyst,Higher Ed,AZ
1067,2019,"$48,000.00 ",,Prospect Research Analyst,Higher Ed,AZ
1068,2019,"$48,000.00 ",,Prospect Research Analyst,Higher Ed,AZ
1069,2019,"$50,340.95 ",,Prospect Research Specialist,Higher Ed,IN
1070,2019,"$50,350.86 ",,Director - Prospect Development,Higher Ed,UT
1071,2019,"$48,744.09 ",,Annual Giving & Prospect Management Coordinator,Higher Ed,UT
1072,2019,"$28,120.89 ",,Analyst I - Prospect Development,Higher Ed,UT
1073,2019,"$18,140.84 ",,Assistant - Data And Prospect Research,Higher Ed,UT
1074,2019,"$20,438.71 ",,Analyst I - Data And Prospect Research,Higher Ed,UT
1075,2019,"$11,579.19 ",,Analyst I - Data And Prospect Research,Higher Ed,UT
1076,2019,"$11,820.49 ",,Assistant - Data And Prospect Research,Higher Ed,UT
1077,2019,"$10,096.46 ",,Analyst I - Prospect Development,Higher Ed,UT
1078,2020,"$41,816.00 ",,Prospect Research Analyst,Higher Ed,TX
1079,2020,"$53,187.00 ",,Prospect Research Analyst,Higher Ed,FL
1080,2020,"$48,374.00 ",,Prospect Research Analyst,Higher Ed,FL
1081,2020,"$45,493.00 ",,Prospect Research Analyst,Higher Ed,FL
1082,2020,"$50,000.00 ",,Prospect Research Analyst,Higher Ed,FL
1083,2020,"$57,857.00 ",,Prospect Research Analyst,Higher Ed,FL
1084,2020,"$49,000.00 ",,Prospect Research Analyst,Higher Ed,FL
1085,2020,"$54,036.00 ",,Prospect Research Analyst,Higher Ed,TX
1086,2020,"$58,185.00 ",,Prospect Research Analyst,Higher Ed,MA
1087,2020,"$53,626.00 ",,Prospect Research Analyst,Higher Ed,FL
1088,2020,"$45,164.00 ",,Prospect Research Analyst,Higher Ed,AZ
1089,2020,"$45,164.00 ",,Prospect Research Analyst,Higher Ed,AZ
1090,2020,"$45,164.00 ",,Prospect Research Analyst,Higher Ed,AZ
1091,2020,"$45,164.00 ",,Prospect Research Analyst,Higher Ed,AZ
1092,2020,"$44,461.00 ",,Prospect Research Analyst,Higher Ed,AZ
1093,2020,"$52,742.07 ",,Prospect Research Specialist,Higher Ed,IN
1094,2020,"$41,594.67 ",,Exec Dir Adv Svcs Prospect Dev,Higher Ed,IN
1095,2020,"$40,972.93 ",,Asst Dir Prospect Research,Higher Ed,IN
1096,2020,"$28,594.99 ",,Exec Dir Adv Svcs Prospect Dev (Inactive),Higher Ed,IN
1097,2020,"$49,994.51 ",,Director - Prospect Development,Higher Ed,UT
1098,2020,"$43,098.28 ",,Analyst I - Data And Prospect Research,Higher Ed,UT
1099,2020,"$31,019.94 ",,Analyst I - Prospect Development,Higher Ed,UT
1100,2020,"$20,149.97 ",,Assistant - Data And Prospect Research,Higher Ed,UT
1101,2020,"$8,527.90 ",,Analyst I - Prospect Development,Higher Ed,UT
1102,2020,"$4,884.37 ",,Assistant - Data And Prospect Research,Higher Ed,UT
1103,2021,"$53,407.00 ",,Prospect Research Analyst,Higher Ed,MA
1104,2021,"$70,261.00 ",,Prospect Research Analyst,Higher Ed,NV
1105,2021,"$55,644.00 ",,Prospect Research Analyst,Higher Ed,TX
1106,2021,"$55,620.00 ",,Prospect Research Analyst,Higher Ed,TN
1107,2021,"$47,418.00 ",,Prospect Research Analyst,Higher Ed,TN
1108,2021,"$70,261.00 ",,Prospect Research Analyst,Higher Ed,NV
1109,2021,"$27,692.00 ",,Prospect Research Analyst,Higher Ed,MA
1110,2021,"$59,303.00 ",,Prospect Research Analyst,Higher Ed,FL
1111,2021,"$55,000.00 ",,Prospect Research Analyst,Higher Ed,FL
1112,2021,"$54,967.00 ",,Prospect Research Analyst,Higher Ed,FL
1113,2021,"$53,187.00 ",,Prospect Research Analyst,Higher Ed,FL
1114,2021,"$50,067.00 ",,Prospect Research Analyst,Higher Ed,FL
1115,2021,"$45,493.00 ",,Prospect Research Analyst,Higher Ed,FL
1116,2021,"$49,000.00 ",,Prospect Research Analyst,Higher Ed,FL
1117,2021,"$44,819.00 ",,Prospect Research Analyst,Higher Ed,AZ
1118,2021,"$44,819.00 ",,Prospect Research Analyst,Higher Ed,AZ
1119,2021,"$44,819.00 ",,Prospect Research Analyst,Higher Ed,AZ
1120,2021,"$44,819.00 ",,Prospect Research Analyst,Higher Ed,AZ
1121,2021,"$44,122.00 ",,Prospect Research Analyst,Higher Ed,AZ
1122,2021,"$78,816.27 ",,Director Prospect Research,Higher Ed,IN
1123,2021,"$100,867.69 ",,Exec Dir Adv Svcs Prospect Dev,Higher Ed,IN
1124,2021,"$50,542.78 ",,Prospect Research Specialist,Higher Ed,IN
1125,2021,"$52,873.89 ",,Asst Dir Prospect Research,Higher Ed,IN
1126,2021,"$63,450.96 ",,Director - Prospect Development,Higher Ed,UT
1127,2021,"$43,305.28 ",,Analyst I - Data And Prospect Research,Higher Ed,UT
1128,2021,"$41,659.92 ",,Analyst I - Prospect Development,Higher Ed,UT
1129,2021,"$39,300.00 ",,Assistant - Data And Prospect Research,Higher Ed,UT
1130,2021,"$8,801.21 ",,Office Manager/Prospect Development,Higher Ed,UT
1131,2022,"$47,418.00 ",,Prospect Research Analyst,Higher Ed,TN
1132,2022,"$54,967.00 ",,Prospect Research Analyst,Higher Ed,FL
1133,2022,"$55,898.00 ",,Prospect Research Analyst,Higher Ed,TN
1134,2022,"$48,829.00 ",,Prospect Research Analyst,Higher Ed,TX
1135,2022,"$59,118.00 ",,Prospect Research Analyst,Higher Ed,MA
1136,2022,"$48,214.00 ",,Prospect Research Analyst,Higher Ed,TX
1137,2022,"$49,880.00 ",,Prospect Research Analyst,Higher Ed,TX
1138,2022,"$50,650.00 ",,Prospect Research Analyst,Higher Ed,MA
1139,2022,"$57,000.00 ",,Prospect Research Analyst,Higher Ed,FL
1140,2022,"$53,984.00 ",,Prospect Research Analyst,Higher Ed,FL
1141,2022,"$49,735.00 ",,Prospect Research Analyst,Higher Ed,FL
1142,2022,"$55,000.00 ",,Prospect Research Analyst,Higher Ed,FL
1143,2022,"$50,067.00 ",,Prospect Research Analyst,Higher Ed,FL
1144,2022,"$59,303.00 ",,Prospect Research Analyst,Higher Ed,FL
1145,2022,"$48,961.00 ",,Prospect Research Analyst,Higher Ed,AZ
1146,2022,"$48,961.00 ",,Prospect Research Analyst,Higher Ed,AZ
1147,2022,"$48,000.00 ",,Prospect Research Analyst,Higher Ed,AZ
1148,2022,"$86,210.88 ",,Director Prospect Research,Higher Ed,IN
1149,2022,"$49,277.06 ",,Prospect Research Specialist,Higher Ed,IN
1150,2022,"$35,478.34 ",,Assistant Director of Prospect Strategy,Higher Ed,IN
1151,2022,"$26,607.88 ",,Asst Dir Prospect Research,Higher Ed,IN
1152,2022,"$102,618.79 ",,Exec Dir Adv Svcs Prospect Dev,Higher Ed,IN
1153,2022,"$70,539.36 ",,Director - Prospect Development,Higher Ed,UT
1154,2022,"$43,074.00 ",,Analyst I - Prospect Development,Higher Ed,UT
1155,2022,"$40,567.63 ",,Assistant Ii - Data And Prospect Research,Higher Ed,UT
1156,2022,"$30,756.64 ",,Prospect Development & Office Manager,Higher Ed,UT
1157,2022,"$18,216.55 ",,Assistant - Data And Prospect Research,Higher Ed,UT
1158,2022,"$14,000.00 ",,Assistant - Data And Prospect Research,Higher Ed,UT
1159,2022,"$5,649.82 ",,Assistant Ii - Data And Prospect Research,Higher Ed,UT
1160,2022,"$2,303.07 ",,Assistant - Data And Prospect Research,Higher Ed,UT
1161,2023,"$70,160.00 ",,Prospect Research Analyst,Higher Ed,TX
1162,2023,"$46,965.00 ",,Prospect Research Analyst,Higher Ed,FL
1163,2023,"$50,466.00 ",,Prospect Research Analyst,Higher Ed,MA
1164,2023,"$70,466.00 ",,Prospect Research Analyst,Higher Ed,MA
1165,2023,"$48,432.00 ",,Prospect Research Analyst,Higher Ed,TX
1166,2023,"$58,710.00 ",,Prospect Research Analyst,Higher Ed,FL
1167,2023,"$63,132.00 ",,Prospect Research Analyst,Higher Ed,FL
1168,2023,"$66,950.00 ",,Prospect Research Analyst,Higher Ed,FL
1169,2023,"$48,667.00 ",,"Analyst, Prospect Research",Higher Ed,TX
1170,2023,"$52,591.00 ",,Prospect Research Analyst,Higher Ed,TX
1171,2023,"$70,160.00 ",,Prospect Research Analyst,Higher Ed,TX
1172,2023,"$70,466.00 ",,Prospect Research Analyst,Higher Ed,MA
1173,2023,"$55,640.00 ",,Prospect Research Analyst,Higher Ed,MS
1174,2023,"$58,384.00 ",,Prospect Research Analyst,Higher Ed,FL
1175,2023,"$57,230.00 ",,Prospect Research Analyst,Higher Ed,MS
1176,2023,"$53,788.00 ",,Prospect Research Analyst,Higher Ed,FL
1177,2023,"$50,000.00 ",,Prospect Research Analyst,Higher Ed,FL
1178,2023,"$49,000.00 ",,Prospect Research Analyst,Higher Ed,FL
1179,2023,"$49,000.00 ",,Prospect Research Analyst,Higher Ed,FL
1180,2023,"$47,000.00 ",,Prospect Research Analyst,Higher Ed,FL
1181,2023,"$66,950.00 ",,Prospect Research Analyst,Higher Ed,FL
1182,2023,"$52,008.00 ",,Prospect Research Analyst,Higher Ed,AR
1183,2023,"$5,910.00 ",,Prospect Research Analyst,Higher Ed,AR
1184,2023,"$46,696.19 ",,Asst Dir Prospect Research,Higher Ed,IN
1185,2023,"$59,046.24 ",,Director Prospect Research,Higher Ed,IN
1186,2023,"$47,259.06 ",,Assistant Director of Prospect Strategy,Higher Ed,IN
1187,2023,"$80,415.12 ",,Director - Prospect Development,Higher Ed,UT
1188,2023,"$52,634.26 ",,Assistant Ii - Data And Prospect Research,Higher Ed,UT
1189,2023,"$45,468.00 ",,Analyst I - Prospect Development,Higher Ed,UT
1190,2023,"$26,512.88 ",,Assistant Ii - Data And Prospect Research,Higher Ed,UT
1191,2023,"$23,060.19 ",,Prospect Development & Research Manager,Higher Ed,UT
1192,2023,"$7,000.00 ",,Mgr Prospect Dev & Research,Higher Ed,UT
1193,2024,"$46,019.00 ",,Prospect Research Analyst,Higher Ed,FL
1194,2024,"$59,044.00 ",,"Analyst, Prospect Research",Higher Ed,TX
1195,2024,"$68,959.00 ",,Prospect Research Analyst,Higher Ed,FL
1196,2024,"$34,483.00 ",,Prospect Research Analyst,Higher Ed,FL
1197,2024,"$67,495.00 ",,Prospect Research Analyst,Higher Ed,TX
1198,2024,"$60,135.00 ",,Prospect Research Analyst,Higher Ed,FL
1199,2024,"$50,470.00 ",,Prospect Research Analyst,Higher Ed,FL
1200,2024,"$50,470.00 ",,Prospect Research Analyst,Higher Ed,FL
1201,2024,"$68,959.00 ",,Prospect Research Analyst,Higher Ed,FL
1202,2024,"$55,402.00 ",,Prospect Research Analyst,Higher Ed,FL
1203,2024,"$60,593.00 ",,Prospect Research Analyst,Higher Ed,MS
1204,2024,"$64,877.00 ",,Prospect Research Analyst,Higher Ed,MS
1205,2024,"$59,156.00 ",,"Prospect Researcher, Senior",Higher Ed,AZ
1206,2024,"$54,641.00 ",,Prospect Research Analyst,Higher Ed,TX
1207,2024,"$66,652.00 ",,Prospect Research Analyst,Higher Ed,MA
1208,2024,"$56,000.00 ",,Prospect Research Analyst,Higher Ed,ID
1209,2024,"$50,820.00 ",,Prospect Research Analyst,Higher Ed,MS
1210,2024,"$60,471.00 ",,Prospect Research Analyst,Higher Ed,FL
1211,2024,"$68,317.00 ",,Prospect Research Analyst Iii,Higher Ed,FL
1212,2024,"$48,719.00 ",,Prospect Research Analyst,Higher Ed,FL
1213,2024,"$25,990.00 ",,Prospect Research Analyst,Higher Ed,TX
1214,2024,"$52,000.00 ",,Prospect Research Analyst,Higher Ed,FL
1215,2024,"$47,669.00 ",,Prospect Research Analyst,Higher Ed,FL
1216,2024,"$45,307.00 ",,Prospect Research Analyst,Higher Ed,AR
1217,2024,"$47,185.43 ",,Assistant Director of Prospect Strategy,Higher Ed,IN
1218,2024,"$51,166.10 ",,Assistant Director of Prospect Research and Interi,Higher Ed,IN
1219,2024,"$88,235.76 ",,Director - Prospect Development,Higher Ed,UT
1220,2024,"$58,900.08 ",,Assistant Ii - Data And Prospect Research,Higher Ed,UT
1221,2024,"$47,191.84 ",,Assistant Ii - Data And Prospect Research,Higher Ed,UT
1222,2024,"$47,182.08 ",,Prospect Development & Research Manager,Higher Ed,UT
1223,2024,"$42,137.52 ",,Data Coordinator - Prospect Data And Communication,Higher Ed,UT
1224,2025,"$53,820.00 ",,Prospect Research Analyst,Higher Ed,VA
1225,2025,"$23,218.00 ",,Prospect Research Analyst,Higher Ed,FL
1226,2025,"$57,064.00 ",,Prospect Research Analyst,Higher Ed,FL
1227,2025,"$58,550.00 ",,Prospect Research Analyst,Higher Ed,VA
1228,2025,"$57,000.00 ",,Prospect Research Analyst,Higher Ed,VA
1229,2025,"$71,027.00 ",,Prospect Research Analyst,Higher Ed,FL
1230,2025,"$51,879.00 ",,Prospect Research Analyst,Higher Ed,MS
1231,2025,"$58,030.00 ",,Prospect Research Analyst,Higher Ed,FL
1232,2025,"$58,758.00 ",,Prospect Research Analyst,Higher Ed,VA
1233,2025,"$51,984.00 ",,Prospect Research Analyst,Higher Ed,FL
1234,2025,"$58,184.00 ",,Prospect Research Analyst,Higher Ed,ID
1235,2025,"$61,500.00 ",,Prospect Research Analyst,Higher Ed,VA
1236,2025,"$50,500.00 ",,Prospect Research Analyst,Higher Ed,FL
1237,2025,"$76,961.00 ",,"Director, Prospect Management",Higher Ed,AR
1238,2025,"$51,899.00 ",,Prospect Research Analyst,Higher Ed,FL
1239,2025,"$75,656.00 ",,Prospect Research Analyst Ii,Higher Ed,MS
1240,2025,"$51,984.00 ",,Prospect Research Analyst,Higher Ed,FL
1241,2025,"$53,560.00 ",,Prospect Research Analyst,Higher Ed,FL
1242,2025,"$45,757.00 ",,Prospect Research Analyst,Higher Ed,AR
1243,2025,"$74,943.00 ",,Prospect Research Analyst Ii,Higher Ed,MS
1244,2025,"$52,216.00 ",,Prospect Research Analyst,Higher Ed,VA
1245,2025,"$62,285.00 ",,Prospect Research Analyst,Higher Ed,FL
1246,2025,"$53,000.00 ",,Prospect Research Analyst,Higher Ed,VA
1247,2025,"$51,500.00 ",,Prospect Research Analyst,Higher Ed,VA
1248,2025,"$66,155.00 ",,"Director, Prospect Management & Research",Higher Ed,KY
1249,2025,"$49,500.00 ",,Prospect Research Analyst,Higher Ed,MA
1250,2025,"$61,939.00 ",,Prospect Research Analyst,Higher Ed,FL
1251,2025,"$49,500.06 ",,Assistant Director of Prospect Research,Higher Ed,IN
1252,2025,"$71,811.60 ",,Development Assoc Spec - Prospect Res,Higher Ed,KY
1253,2025,"$67,023.12 ",,Dir. of Prospect Research & Management,Higher Ed,KY
1254,2025,"$65,560.08 ",,Development Specialist - Prospect Mgmt,Higher Ed,KY
1255,2025,"$52,044.00 ",,"Asst Dir, Prospect Research",Higher Ed,KY
1256,2025,"$44,324.00 ",,Prospect Rsrch Analyst,Higher Ed,KY
1257,2025,"$35,256.00 ",,Prospect Rsrch Assoc,Higher Ed,KY
1258,2025,"$34,476.00 ",,Prospect Rsrch Assoc,Higher Ed,KY
1259,2025,"$44,325.16 ",,Assistant Director of Prospect Development,Higher Ed,IN
1260,2025,"$49,500.06 ",,Asst Dir Prospect Strategy,Higher Ed,IN
1261,2025,"$91,500.04 ",,Senior Director of Prospect Management,Higher Ed,IN
1262,2025,"$9,190.00 ",,Assistant Director of Research,Higher Ed,IN
1263,2025,"$37,153.50 ",,Assistant Director of Research,Higher Ed,IN
1264,2025,"$51,405.80 ",,Prospect Research Analyst - Data And Prospect Rese,Higher Ed,UT
1265,2025,"$50,430.39 ",,Coordinator - Prospect Data And Communications,Higher Ed,UT
1266,2025,"$48,103.41 ",,Director - Prospect Development,Higher Ed,UT
1267,2025,"$26,979.19 ",,Director - Prospect Development,Higher Ed,UT
1268,2025,"$16,099.43 ",,Prospect Research Analyst - Data And Prospect Rese,Higher Ed,UT
1269,2025,"$15,750.00 ",,Prospect Research Analyst - Data And Prospect Rese,Higher Ed,UT
1270,2025,"$10,715.03 ",,Director - Prospect Development,Higher Ed,UT
1271,2018,"$75,900.00 ",T,Director of Prospect Management,Higher Ed,WY
1272,2018,"$36,000.00 ",T,Prospect Research Associate,Higher Ed,WY
1273,2020,"$77,494.00 ",T,Director of Prospect Management,Higher Ed,WY
1274,2020,"$45,936.00 ",T,"Prospect Dev Analyst, Sr",Higher Ed,WY
1275,2020,"$45,936.00 ",T,"Prospect Dev Analyst, Sr",Higher Ed,WY
1276,2024,"$84,708.00 ",T,Director of Prospect Management,Higher Ed,WY
1277,2025,"$65,004.00 ",T,Coordinator of Prospect & Donor Strategy,Higher Ed,WY
1278,2025,"$84,708.00 ",T,Director of Prospect Management,Higher Ed,WY
1279,2025,"$46,008.00 ",T,Prospect Development and Constituent Analyst I,Higher Ed,WY
1280,2025,"$46,008.00 ",T,Prospect Development and Constituent Analyst I,Higher Ed,WY
1281,2026,"$57,000.00 ",T,Research Analyst,Higher Ed,IN
1282,2026,"$63,008.00 ",T,Coordinator of Prospect & Donor Strategy,Higher Ed,WY
1283,2026,"$87,249.00 ",T,Director of Prospect Management,Higher Ed,WY
1284,2026,"$46,175.00 ",T,Prospect Development and Constituent Analyst I,Higher Ed,WY
1285,2026,"$61,000.00 ",T,Senior Research Analyst,Higher Ed,IN
1286,2024,"21,875.00",,PROSPECT RSCH SPEC 3,Higher Ed,CA
1287,2024,"133,042.00",,PROSPECT RSCH SPEC 5,Higher Ed,CA
1288,2024,"85,218.00",,PROSPECT RSCH SPEC 3,Higher Ed,CA
1289,2024,"75,297.00",,PROSPECT RSCH SPEC 3,Higher Ed,CA
1290,2024,"65,738.00",,PROSPECT RSCH SPEC 2,Higher Ed,CA
1291,2024,"95,331.00",,PROSPECT RSCH SPEC 2,Higher Ed,CA
1292,2024,"65,862.00",,PROSPECT RSCH SPEC 2,Higher Ed,CA
1293,2024,"74,114.00",,PROSPECT RSCH SPEC 4,Higher Ed,CA
1294,2024,"98,884.00",,PROSPECT RSCH SPEC 3,Higher Ed,CA
1295,2024,"89,918.00",,PROSPECT RSCH SPEC 3,Higher Ed,CA
1296,2024,"117,083.00",,PROSPECT RSCH MGR 1,Higher Ed,CA
1297,2024,"38,181.00",,PROSPECT RSCH SPEC 4,Higher Ed,CA
1298,2024,"91,239.00",,PROSPECT RSCH SPEC 4,Higher Ed,CA
1299,2024,"162,803.00",,PROSPECT RSCH MGR 2,Higher Ed,CA
1300,2024,"75,446.00",,PROSPECT RSCH SPEC 2,Higher Ed,CA
1301,2024,"117,083.00",,PROSPECT RSCH MGR 1,Higher Ed,CA
1302,2024,"67,026.00",,PROSPECT RSCH SPEC 2,Higher Ed,CA
1303,2024,"23,353.00",,PROSPECT RSCH SPEC 2,Higher Ed,CA
1304,2024,"72,248.00",,PROSPECT RSCH SPEC 2,Higher Ed,CA
1305,2024,"99,664.00",,PROSPECT RSCH SPEC 3,Higher Ed,CA
1306,2024,"75,297.00",,PROSPECT RSCH SPEC 3,Higher Ed,CA
1307,2024,"95,790.00",,PROSPECT RSCH SPEC 3,Higher Ed,CA
1308,2024,"95,648.00",,PROSPECT RSCH SPEC 3,Higher Ed,CA
1309,2024,"100,053.00",,PROSPECT RSCH SPEC 3,Higher Ed,CA
1310,2024,"79,683.00",,PROSPECT RSCH SPEC 2,Higher Ed,CA
1311,2024,"95,790.00",,PROSPECT RSCH SPEC 4,Higher Ed,CA
1312,2024,"168,076.00",,PROSPECT RSCH MGR 1,Higher Ed,CA
1313,2024,"87,281.00",,PROSPECT RSCH SPEC 3,Higher Ed,CA
1314,2024,"133,251.00",,PROSPECT RSCH MGR 1,Higher Ed,CA
1315,2024,0,,PROSPECT RSCH SPEC 3,Higher Ed,CA
1316,2024,"117,316.00",,PROSPECT RSCH SPEC 4,Higher Ed,CA
1317,2024,"76,315.00",,PROSPECT RSCH SPEC 3,Higher Ed,CA
1318,2024,"31,347.00",,PROSPECT RSCH SPEC 3,Higher Ed,CA
1319,2024,"96,667.00",,PROSPECT RSCH SPEC 3,Higher Ed,CA
1320,2024,"88,006.00",,PROSPECT RSCH SPEC 3,Higher Ed,CA
1321,2024,"82,780.00",,PROSPECT RSCH SPEC 3,Higher Ed,CA
1322,2024,"157,533.00",,PROSPECT RSCH MGR 1,Higher Ed,CA
1323,2024,"78,767.00",,PROSPECT RSCH SPEC 3,Higher Ed,CA
1324,2024,"96,667.00",,PROSPECT RSCH SPEC 3,Higher Ed,CA
1325,2024,"79,683.00",,PROSPECT RSCH SPEC 2,Higher Ed,CA
1326,2024,"67,981.00",,PROSPECT RSCH SPEC 2,Higher Ed,CA
1327,2024,"76,632.00",,PROSPECT RSCH SPEC 3,Higher Ed,CA
1328,2024,"69,061.00",,PROSPECT RSCH SPEC 2,Higher Ed,CA
1329,2024,"65,249.00",,PROSPECT RSCH SPEC 2,Higher Ed,CA
1330,2024,"93,004.00",,PROSPECT RSCH SPEC 3,Higher Ed,CA
1331,2024,"87,281.00",,PROSPECT RSCH SPEC 3,Higher Ed,CA
1332,2024,"97,623.00",,PROSPECT RSCH SPEC 4,Higher Ed,CA
1333,2024,"44,400.00",,PROSPECT RSCH SPEC 3,Higher Ed,CA
1334,2024,"63,016.00",,PROSPECT RSCH SPEC 2,Higher Ed,CA
1335,2024,"75,577.00",,PROSPECT RSCH SPEC 3,Higher Ed,CA
1336,2024,"104,215.00",,PROSPECT RSCH SPEC 4,Higher Ed,CA
1337,2024,"1,333.00",,PROSPECT RSCH SPEC 3,Higher Ed,CA
1338,2024,"58,138.00",,PROSPECT RSCH SPEC 2,Higher Ed,CA
1339,2024,"100,053.00",,PROSPECT RSCH SPEC 3,Higher Ed,CA
1340,2024,"65,738.00",,PROSPECT RSCH SPEC 2,Higher Ed,CA
1341,2024,"107,097.00",,PROSPECT RSCH SPEC 4,Higher Ed,CA
1342,2024,"85,153.00",,PROSPECT RSCH SPEC 3,Higher Ed,CA
1343,2024,"9,265.00",,PROSPECT RSCH SPEC 3,Higher Ed,CA
1344,2024,"85,153.00",,PROSPECT RSCH SPEC 3,Higher Ed,CA
1345,2024,"101,112.00",,PROSPECT RSCH SPEC 4,Higher Ed,CA
1346,2024,"76,793.00",,PROSPECT RSCH SPEC 3,Higher Ed,CA
1347,2024,"69,061.00",,PROSPECT RSCH SPEC 2,Higher Ed,CA
1348,2024,"30,688.00",,PROSPECT RSCH SPEC 3,Higher Ed,CA
1349,2024,"85,153.00",,PROSPECT RSCH SPEC 3,Higher Ed,CA
1350,2024,"76,315.00",,PROSPECT RSCH SPEC 3,Higher Ed,CA
1351,2024,"51,670.00",,PROSPECT RSCH SPEC 2,Higher Ed,CA
1352,2024,"48,492.00",,PROSPECT RSCH SPEC 2,Higher Ed,CA
1353,2024,"155,291.00",,PROSPECT RSCH SPEC 4,Higher Ed,CA
1354,2024,"108,389.00",,PROSPECT RSCH SPEC 4,Higher Ed,CA
1355,2024,"66,008.00",,PROSPECT RSCH SPEC 2,Higher Ed,CA
1356,2024,"81,372.00",,PROSPECT RSCH SPEC 3,Higher Ed,CA
1357,2024,"93,612.00",,PROSPECT RSCH SPEC 4,Higher Ed,CA
1358,2024,"85,153.00",,PROSPECT RSCH SPEC 3,Higher Ed,CA
1359,2024,"256,595.00",,PROSPECT RSCH MGR 2,Higher Ed,CA
1360,2024,"79,520.00",,PROSPECT RSCH SPEC 3,Higher Ed,CA
1361,2024,"6,269.00",,PROSPECT RSCH SPEC 2,Higher Ed,CA
1362,2024,"122,357.00",,PROSPECT RSCH SPEC 4,Higher Ed,CA
1363,2024,"110,159.00",,PROSPECT RSCH SPEC 4,Higher Ed,CA
1364,2024,"85,706.00",,PROSPECT RSCH SPEC 2,Higher Ed,CA
1365,2024,"93,554.00",,PROSPECT RSCH SPEC 4,Higher Ed,CA
1366,2024,"204,500.00",,PROSPECT RSCH MGR 2,Higher Ed,CA
1367,2024,"96,318.00",,PROSPECT RSCH SPEC 4,Higher Ed,CA
1368,2024,"106,439.00",,PROSPECT RSCH SPEC 4,Higher Ed,CA
1369,2024,"73,515.00",,PROSPECT RSCH SPEC 3,Higher Ed,CA
1370,2024,"85,153.00",,PROSPECT RSCH SPEC 3,Higher Ed,CA
1371,2024,"65,953.00",,PROSPECT RSCH SPEC 3,Higher Ed,CA
1372,2024,"79,831.00",,PROSPECT RSCH SPEC 3,Higher Ed,CA
1373,2024,"38,841.00",,PROSPECT RSCH SPEC 3,Higher Ed,CA
1374,2024,"166,345.00",,PROSPECT RSCH MGR 1,Higher Ed,CA
1375,2023,"49,039.00",,PROSPECT RSCH SPEC 3,Higher Ed,CA
1376,2023,"63,070.00",,PROSPECT RSCH SPEC 2,Higher Ed,CA
1377,2023,"51,909.00",,PROSPECT RSCH SPEC 3,Higher Ed,CA
1378,2023,"125,960.00",,PROSPECT RSCH SPEC 5,Higher Ed,CA
1379,2023,"81,599.00",,PROSPECT RSCH SPEC 3,Higher Ed,CA
1380,2023,"30,833.00",,PROSPECT RSCH SPEC 3,Higher Ed,CA
1381,2023,"91,299.00",,PROSPECT RSCH SPEC 2,Higher Ed,CA
1382,2023,0,,PROSPECT RSCH SPEC 3,Higher Ed,CA
1383,2023,"66,471.00",,PROSPECT RSCH SPEC 4,Higher Ed,CA
1384,2023,"91,970.00",,PROSPECT RSCH SPEC 3,Higher Ed,CA
1385,2023,"83,547.00",,PROSPECT RSCH SPEC 3,Higher Ed,CA
1386,2023,0,,PROSPECT RSCH SPEC 2,Higher Ed,CA
1387,2023,"112,112.00",,PROSPECT RSCH MGR 1,Higher Ed,CA
1388,2023,"148,802.00",,PROSPECT RSCH SPEC 4,Higher Ed,CA
1389,2023,"125,960.00",,PROSPECT RSCH SPEC 4,Higher Ed,CA
1390,2023,"118,071.00",,PROSPECT RSCH SPEC 5,Higher Ed,CA
1391,2023,"143,636.00",,PROSPECT RSCH MGR 2,Higher Ed,CA
1392,2023,"30,385.00",,PROSPECT RSCH SPEC 3,Higher Ed,CA
1393,2023,"72,248.00",,PROSPECT RSCH SPEC 2,Higher Ed,CA
1394,2023,"112,112.00",,PROSPECT RSCH MGR 1,Higher Ed,CA
1395,2023,"61,312.00",,PROSPECT RSCH SPEC 2,Higher Ed,CA
1396,2023,"60,224.00",,PROSPECT RSCH SPEC 2,Higher Ed,CA
1397,2023,"69,186.00",,PROSPECT RSCH SPEC 2,Higher Ed,CA
1398,2023,"91,703.00",,PROSPECT RSCH SPEC 3,Higher Ed,CA
1399,2023,"30,246.00",,PROSPECT RSCH SPEC 3,Higher Ed,CA
1400,2023,"91,725.00",,PROSPECT RSCH SPEC 3,Higher Ed,CA
1401,2023,"90,988.00",,PROSPECT RSCH SPEC 3,Higher Ed,CA
1402,2023,"60,536.00",,PROSPECT RSCH SPEC 2,Higher Ed,CA
1403,2023,"95,803.00",,PROSPECT RSCH SPEC 3,Higher Ed,CA
1404,2023,"76,307.00",,PROSPECT RSCH SPEC 2,Higher Ed,CA
1405,2023,"91,725.00",,PROSPECT RSCH SPEC 4,Higher Ed,CA
1406,2023,"152,875.00",,PROSPECT RSCH MGR 1,Higher Ed,CA
1407,2023,"83,573.00",,PROSPECT RSCH SPEC 3,Higher Ed,CA
1408,2023,"120,673.00",,PROSPECT RSCH MGR 1,Higher Ed,CA
1409,2023,"109,619.00",,PROSPECT RSCH SPEC 4,Higher Ed,CA
1410,2023,"11,080.00",,PROSPECT RSCH SPEC 3,Higher Ed,CA
1411,2023,"81,443.00",,PROSPECT RSCH SPEC 3,Higher Ed,CA
1412,2023,"31,667.00",,PROSPECT RSCH SPEC 3,Higher Ed,CA
1413,2023,"91,617.00",,PROSPECT RSCH SPEC 3,Higher Ed,CA
1414,2023,0,,PROSPECT RSCH SPEC 4,Higher Ed,CA
1415,2023,"79,288.00",,PROSPECT RSCH SPEC 3,Higher Ed,CA
1416,2023,"143,001.00",,PROSPECT RSCH MGR 1,Higher Ed,CA
1417,2023,"73,957.00",,PROSPECT RSCH SPEC 3,Higher Ed,CA
1418,2023,"91,723.00",,PROSPECT RSCH SPEC 3,Higher Ed,CA
1419,2023,"76,307.00",,PROSPECT RSCH SPEC 2,Higher Ed,CA
1420,2023,"77,635.00",,PROSPECT RSCH SPEC 3,Higher Ed,CA
1421,2023,"65,106.00",,PROSPECT RSCH SPEC 2,Higher Ed,CA
1422,2023,"73,380.00",,PROSPECT RSCH SPEC 3,Higher Ed,CA
1423,2023,"66,133.00",,PROSPECT RSCH SPEC 2,Higher Ed,CA
1424,2023,"89,059.00",,PROSPECT RSCH SPEC 3,Higher Ed,CA
1425,2023,"83,573.00",,PROSPECT RSCH SPEC 3,Higher Ed,CA
1426,2023,"81,371.00",,PROSPECT RSCH SPEC 3,Higher Ed,CA
1427,2023,"47,894.00",,PROSPECT RSCH SPEC 2,Higher Ed,CA
1428,2023,"61,056.00",,PROSPECT RSCH SPEC 2,Higher Ed,CA
1429,2023,"63,629.00",,PROSPECT RSCH SPEC 3,Higher Ed,CA
1430,2023,"94,373.00",,PROSPECT RSCH SPEC 4,Higher Ed,CA
1431,2023,"95,803.00",,PROSPECT RSCH SPEC 3,Higher Ed,CA
1432,2023,"37,448.00",,PROSPECT RSCH SPEC 2,Higher Ed,CA
1433,2023,"98,173.00",,PROSPECT RSCH SPEC 4,Higher Ed,CA
1434,2023,"81,539.00",,PROSPECT RSCH SPEC 3,Higher Ed,CA
1435,2023,"71,329.00",,PROSPECT RSCH SPEC 3,Higher Ed,CA
1436,2023,"5,536.00",,PROSPECT RSCH SPEC 2,Higher Ed,CA
1437,2023,"81,537.00",,PROSPECT RSCH SPEC 3,Higher Ed,CA
1438,2023,"96,822.00",,PROSPECT RSCH SPEC 4,Higher Ed,CA
1439,2023,"73,529.00",,PROSPECT RSCH SPEC 3,Higher Ed,CA
1440,2023,"66,133.00",,PROSPECT RSCH SPEC 2,Higher Ed,CA
1441,2023,"81,537.00",,PROSPECT RSCH SPEC 3,Higher Ed,CA
1442,2023,"12,500.00",,PROSPECT RSCH SPEC 3,Higher Ed,CA
1443,2023,"58,207.00",,PROSPECT RSCH SPEC 2,Higher Ed,CA
1444,2023,"148,696.00",,PROSPECT RSCH SPEC 4,Higher Ed,CA
1445,2023,"99,359.00",,PROSPECT RSCH SPEC 4,Higher Ed,CA
1446,2023,"53,544.00",,PROSPECT RSCH SPEC 2,Higher Ed,CA
1447,2023,"76,148.00",,PROSPECT RSCH SPEC 3,Higher Ed,CA
1448,2023,"245,710.00",,PROSPECT RSCH MGR 2,Higher Ed,CA
1449,2023,"75,865.00",,PROSPECT RSCH SPEC 3,Higher Ed,CA
1450,2023,"117,165.00",,PROSPECT RSCH SPEC 4,Higher Ed,CA
1451,2023,"105,485.00",,PROSPECT RSCH SPEC 4,Higher Ed,CA
1452,2023,"82,061.00",,PROSPECT RSCH SPEC 2,Higher Ed,CA
1453,2023,"89,585.00",,PROSPECT RSCH SPEC 4,Higher Ed,CA
1454,2023,"190,486.00",,PROSPECT RSCH MGR 2,Higher Ed,CA
1455,2023,"84,611.00",,PROSPECT RSCH SPEC 3,Higher Ed,CA
1456,2023,"101,918.00",,PROSPECT RSCH SPEC 4,Higher Ed,CA
1457,2023,"106,537.00",,PROSPECT RSCH SPEC 3,Higher Ed,CA
1458,2023,"77,551.00",,PROSPECT RSCH SPEC 3,Higher Ed,CA
1459,2023,"75,652.00",,PROSPECT RSCH SPEC 3,Higher Ed,CA
1460,2023,"150,998.00",,PROSPECT RSCH MGR 1,Higher Ed,CA
1461,2022,"55,995.00",,PROSPECT RSCH SPEC 2,Higher Ed,CA
1462,2022,"87,314.00",,PROSPECT RSCH SPEC 3,Higher Ed,CA
1463,2022,"110,962.00",,PROSPECT RSCH SPEC 5,Higher Ed,CA
1464,2022,"78,048.00",,PROSPECT RSCH SPEC 3,Higher Ed,CA
1465,2022,"87,315.00",,PROSPECT RSCH SPEC 2,Higher Ed,CA
1466,2022,"36,624.00",,PROSPECT RSCH SPEC 3,Higher Ed,CA
1467,2022,"137,270.00",,PROSPECT RSCH SPEC 4,Higher Ed,CA
1468,2022,"87,972.00",,PROSPECT RSCH SPEC 3,Higher Ed,CA
1469,2022,"7,643.00",,PROSPECT RSCH SPEC 3,Higher Ed,CA
1470,2022,"79,907.00",,PROSPECT RSCH SPEC 3,Higher Ed,CA
1471,2022,"9,374.00",,PROSPECT RSCH SPEC 2,Higher Ed,CA
1472,2022,"100,164.00",,PROSPECT RSCH MGR 1,Higher Ed,CA
1473,2022,"112,542.00",,PROSPECT RSCH SPEC 4,Higher Ed,CA
1474,2022,"73,026.00",,PROSPECT RSCH SPEC 3,Higher Ed,CA
1475,2022,"13,393.00",,PROSPECT RSCH SPEC 4,Higher Ed,CA
1476,2022,"75,833.00",,PROSPECT RSCH SPEC 5,Higher Ed,CA
1477,2022,"24,228.00",,PROSPECT RSCH SPEC 2,Higher Ed,CA
1478,2022,"26,566.00",,PROSPECT RSCH SPEC 2,Higher Ed,CA
1479,2022,"97,969.00",,PROSPECT RSCH MGR 1,Higher Ed,CA
1480,2022,"57,248.00",,PROSPECT RSCH SPEC 2,Higher Ed,CA
1481,2022,"70,282.00",,PROSPECT RSCH SPEC 2,Higher Ed,CA
1482,2022,"79,165.00",,PROSPECT RSCH SPEC 3,Higher Ed,CA
1483,2022,"9,643.00",,PROSPECT RSCH SPEC 3,Higher Ed,CA
1484,2022,"16,517.00",,PROSPECT RSCH SPEC 1,Higher Ed,CA
1485,2022,"56,241.00",,PROSPECT RSCH SPEC 3,Higher Ed,CA
1486,2022,"64,214.00",,PROSPECT RSCH SPEC 2,Higher Ed,CA
1487,2022,"15,667.00",,PROSPECT RSCH SPEC 3,Higher Ed,CA
1488,2022,"3,448.00",,PROSPECT RSCH SPEC 3,Higher Ed,CA
1489,2022,"55,942.00",,PROSPECT RSCH SPEC 2,Higher Ed,CA
1490,2022,"81,992.00",,PROSPECT RSCH SPEC 4,Higher Ed,CA
1491,2022,"39,130.00",,PROSPECT RSCH MGR 1,Higher Ed,CA
1492,2022,"89,171.00",,PROSPECT RSCH SPEC 5,Higher Ed,CA
1493,2022,"68,220.00",,PROSPECT RSCH SPEC 3,Higher Ed,CA
1494,2022,"52,688.00",,PROSPECT RSCH SPEC 3,Higher Ed,CA
1495,2022,"45,964.00",,PROSPECT RSCH MGR 1,Higher Ed,CA
1496,2022,"104,316.00",,PROSPECT RSCH SPEC 4,Higher Ed,CA
1497,2022,"86,495.00",,PROSPECT RSCH MGR 1,Higher Ed,CA
1498,2022,"69,601.00",,PROSPECT RSCH SPEC 3,Higher Ed,CA
1499,2022,"17,239.00",,PROSPECT RSCH SPEC 2,Higher Ed,CA
1500,2022,"25,210.00",,PROSPECT RSCH SPEC 3,Higher Ed,CA
1501,2022,"87,631.00",,PROSPECT RSCH SPEC 3,Higher Ed,CA
1502,2022,"49,410.00",,PROSPECT RSCH SPEC 4,Higher Ed,CA
1503,2022,"46,648.00",,PROSPECT RSCH SPEC 3,Higher Ed,CA
1504,2022,"131,175.00",,PROSPECT RSCH MGR 1,Higher Ed,CA
1505,2022,"53,652.00",,PROSPECT RSCH SPEC 2,Higher Ed,CA
1506,2022,"87,314.00",,PROSPECT RSCH SPEC 3,Higher Ed,CA
1507,2022,"60,850.00",,PROSPECT RSCH SPEC 2,Higher Ed,CA
1508,2022,"75,430.00",,PROSPECT RSCH SPEC 3,Higher Ed,CA
1509,2022,"56,334.00",,PROSPECT RSCH SPEC 2,Higher Ed,CA
1510,2022,"32,182.00",,PROSPECT RSCH SPEC 3,Higher Ed,CA
1511,2022,"61,856.00",,PROSPECT RSCH SPEC 2,Higher Ed,CA
1512,2022,"85,186.00",,PROSPECT RSCH SPEC 3,Higher Ed,CA
1513,2022,"75,188.00",,PROSPECT RSCH SPEC 3,Higher Ed,CA
1514,2022,"77,827.00",,PROSPECT RSCH SPEC 3,Higher Ed,CA
1515,2022,"59,522.00",,PROSPECT RSCH SPEC 2,Higher Ed,CA
1516,2022,"50,003.00",,PROSPECT RSCH SPEC 2,Higher Ed,CA
1517,2022,"89,197.00",,PROSPECT RSCH SPEC 4,Higher Ed,CA
1518,2022,"26,689.00",,PROSPECT RSCH SPEC 3,Higher Ed,CA
1519,2022,"33,701.00",,PROSPECT RSCH SPEC 3,Higher Ed,CA
1520,2022,"85,294.00",,PROSPECT RSCH SPEC 3,Higher Ed,CA
1521,2022,"77,988.00",,PROSPECT RSCH SPEC 3,Higher Ed,CA
1522,2022,"68,220.00",,PROSPECT RSCH SPEC 3,Higher Ed,CA
1523,2022,"55,704.00",,PROSPECT RSCH SPEC 2,Higher Ed,CA
1524,2022,"74,661.00",,PROSPECT RSCH SPEC 3,Higher Ed,CA
1525,2022,0,,PROSPECT RSCH SPEC 3,Higher Ed,CA
1526,2022,"8,294.00",,PROSPECT RSCH SPEC 4,Higher Ed,CA
1527,2022,"70,331.00",,PROSPECT RSCH SPEC 3,Higher Ed,CA
1528,2022,"38,352.00",,PROSPECT RSCH SPEC 2,Higher Ed,CA
1529,2022,"142,228.00",,PROSPECT RSCH SPEC 4,Higher Ed,CA
1530,2022,"86,322.00",,PROSPECT RSCH SPEC 3,Higher Ed,CA
1531,2022,"3,881.00",,PROSPECT RSCH SPEC 3,Higher Ed,CA
1532,2022,"70,915.00",,PROSPECT RSCH SPEC 3,Higher Ed,CA
1533,2022,"225,754.00",,PROSPECT RSCH MGR 2,Higher Ed,CA
1534,2022,"35,227.00",,PROSPECT RSCH SPEC 3,Higher Ed,CA
1535,2022,0,,PROSPECT RSCH SPEC 2,Higher Ed,CA
1536,2022,"112,067.00",,PROSPECT RSCH SPEC 4,Higher Ed,CA
1537,2022,"100,898.00",,PROSPECT RSCH SPEC 4,Higher Ed,CA
1538,2022,"78,501.00",,PROSPECT RSCH SPEC 2,Higher Ed,CA
1539,2022,"78,965.00",,PROSPECT RSCH SPEC 4,Higher Ed,CA
1540,2022,"62,377.00",,PROSPECT RSCH SPEC 3,Higher Ed,CA
1541,2022,"178,389.00",,PROSPECT RSCH MGR 2,Higher Ed,CA
1542,2022,"67,257.00",,PROSPECT RSCH SPEC 2,Higher Ed,CA
1543,2022,"61,502.00",,PROSPECT RSCH SPEC 3,Higher Ed,CA
1544,2022,"88,849.00",,PROSPECT RSCH SPEC 3,Higher Ed,CA
1545,2022,"101,900.00",,PROSPECT RSCH SPEC 3,Higher Ed,CA
1546,2022,"75,019.00",,PROSPECT RSCH SPEC 3,Higher Ed,CA
1547,2022,"64,443.00",,PROSPECT RSCH SPEC 2,Higher Ed,CA
1548,2022,"138,510.00",,PROSPECT RSCH MGR 1,Higher Ed,CA
1549,2022,"90,627.00",,PROSPECT RSCH SPEC 2,Higher Ed,CA
1550,2021,"53,779.00",,PROSPECT RSCH SPEC 2,Higher Ed,CA
1551,2021,"84,243.00",,PROSPECT RSCH SPEC 3,Higher Ed,CA
1552,2021,"75,300.00",,PROSPECT RSCH SPEC 3,Higher Ed,CA
1553,2021,"137,231.00",,PROSPECT RSCH SPEC 4,Higher Ed,CA
1554,2021,"84,186.00",,PROSPECT RSCH SPEC 2,Higher Ed,CA
1555,2021,"92,569.00",,PROSPECT RSCH SPEC 3,Higher Ed,CA
1556,2021,"134,978.00",,PROSPECT RSCH SPEC 4,Higher Ed,CA
1557,2021,"127,676.00",,PROSPECT RSCH SPEC 4,Higher Ed,CA
1558,2021,"84,882.00",,PROSPECT RSCH SPEC 3,Higher Ed,CA
1559,2021,"86,063.00",,PROSPECT RSCH SPEC 3,Higher Ed,CA
1560,2021,"70,600.00",,PROSPECT RSCH SPEC 3,Higher Ed,CA
1561,2021,"67,055.00",,PROSPECT RSCH SPEC 2,Higher Ed,CA
1562,2021,"36,661.00",,PROSPECT RSCH SPEC 1,Higher Ed,CA
1563,2021,"93,104.00",,PROSPECT RSCH SPEC 4,Higher Ed,CA
1564,2021,"65,641.00",,PROSPECT RSCH SPEC 3,Higher Ed,CA
1565,2021,"89,886.00",,PROSPECT RSCH SPEC 4,Higher Ed,CA
1566,2021,"55,192.00",,PROSPECT RSCH SPEC 2,Higher Ed,CA
1567,2021,"59,835.00",,PROSPECT RSCH SPEC 2,Higher Ed,CA
1568,2021,"73,112.00",,PROSPECT RSCH SPEC 3,Higher Ed,CA
1569,2021,"65,205.00",,PROSPECT RSCH SPEC 3,Higher Ed,CA
1570,2021,"49,728.00",,PROSPECT RSCH SPEC 1,Higher Ed,CA
1571,2021,"61,902.00",,PROSPECT RSCH SPEC 2,Higher Ed,CA
1572,2021,"71,954.00",,PROSPECT RSCH SPEC 3,Higher Ed,CA
1573,2021,"75,486.00",,PROSPECT RSCH SPEC 3,Higher Ed,CA
1574,2021,634,,PROSPECT RSCH MGR 1,Higher Ed,CA
1575,2021,"52,533.00",,PROSPECT RSCH SPEC 2,Higher Ed,CA
1576,2021,"76,232.00",,PROSPECT RSCH SPEC 3,Higher Ed,CA
1577,2021,"117,477.00",,PROSPECT RSCH SPEC 5,Higher Ed,CA
1578,2021,"65,817.00",,PROSPECT RSCH SPEC 3,Higher Ed,CA
1579,2021,"85,150.00",,PROSPECT RSCH SPEC 3,Higher Ed,CA
1580,2021,"100,653.00",,PROSPECT RSCH SPEC 4,Higher Ed,CA
1581,2021,"146,711.00",,PROSPECT RSCH MGR 1,Higher Ed,CA
1582,2021,"57,480.00",,PROSPECT RSCH SPEC 2,Higher Ed,CA
1583,2021,"65,817.00",,PROSPECT RSCH SPEC 3,Higher Ed,CA
1584,2021,"59,618.00",,PROSPECT RSCH SPEC 2,Higher Ed,CA
1585,2021,"83,036.00",,PROSPECT RSCH SPEC 3,Higher Ed,CA
1586,2021,"105,363.00",,PROSPECT RSCH SPEC 4,Higher Ed,CA
1587,2021,"126,567.00",,PROSPECT RSCH MGR 1,Higher Ed,CA
1588,2021,"38,976.00",,PROSPECT RSCH SPEC 2,Higher Ed,CA
1589,2021,"50,486.00",,PROSPECT RSCH SPEC 2,Higher Ed,CA
1590,2021,"11,688.00",,PROSPECT RSCH SPEC 2,Higher Ed,CA
1591,2021,"84,243.00",,PROSPECT RSCH SPEC 3,Higher Ed,CA
1592,2021,"57,664.00",,PROSPECT RSCH SPEC 2,Higher Ed,CA
1593,2021,"72,780.00",,PROSPECT RSCH SPEC 3,Higher Ed,CA
1594,2021,"82,195.00",,PROSPECT RSCH SPEC 3,Higher Ed,CA
1595,2021,"67,791.00",,PROSPECT RSCH SPEC 3,Higher Ed,CA
1596,2021,"75,090.00",,PROSPECT RSCH SPEC 3,Higher Ed,CA
1597,2021,"86,063.00",,PROSPECT RSCH SPEC 4,Higher Ed,CA
1598,2021,"62,767.00",,PROSPECT RSCH SPEC 3,Higher Ed,CA
1599,2021,"35,577.00",,PROSPECT RSCH SPEC 1,Higher Ed,CA
1600,2021,"82,301.00",,PROSPECT RSCH SPEC 3,Higher Ed,CA
1601,2021,"75,246.00",,PROSPECT RSCH SPEC 3,Higher Ed,CA
1602,2021,"65,817.00",,PROSPECT RSCH SPEC 3,Higher Ed,CA
1603,2021,"53,250.00",,PROSPECT RSCH SPEC 2,Higher Ed,CA
1604,2021,"70,372.00",,PROSPECT RSCH SPEC 3,Higher Ed,CA
1605,2021,"59,141.00",,PROSPECT RSCH SPEC 3,Higher Ed,CA
1606,2021,"67,860.00",,PROSPECT RSCH SPEC 3,Higher Ed,CA
1607,2021,"83,287.00",,PROSPECT RSCH SPEC 3,Higher Ed,CA
1608,2021,"81,002.00",,PROSPECT RSCH SPEC 3,Higher Ed,CA
1609,2021,"57,705.00",,PROSPECT RSCH SPEC 2,Higher Ed,CA
1610,2021,"215,982.00",,PROSPECT RSCH MGR 2,Higher Ed,CA
1611,2021,"61,192.00",,PROSPECT RSCH SPEC 2,Higher Ed,CA
1612,2021,"95,027.00",,PROSPECT RSCH SPEC 4,Higher Ed,CA
1613,2021,"97,356.00",,PROSPECT RSCH SPEC 4,Higher Ed,CA
1614,2021,"75,688.00",,PROSPECT RSCH SPEC 2,Higher Ed,CA
1615,2021,"66,938.00",,PROSPECT RSCH SPEC 3,Higher Ed,CA
1616,2021,"80,680.00",,PROSPECT RSCH SPEC 3,Higher Ed,CA
1617,2021,"66,100.00",,PROSPECT RSCH SPEC 3,Higher Ed,CA
1618,2021,"172,127.00",,PROSPECT RSCH MGR 2,Higher Ed,CA
1619,2021,"45,964.00",,PROSPECT RSCH SPEC 2,Higher Ed,CA
1620,2021,"70,691.00",,PROSPECT RSCH SPEC 2,Higher Ed,CA
1621,2021,"82,817.00",,PROSPECT RSCH SPEC 3,Higher Ed,CA
1622,2021,"98,320.00",,PROSPECT RSCH SPEC 3,Higher Ed,CA
1623,2021,"66,938.00",,PROSPECT RSCH SPEC 3,Higher Ed,CA
1624,2021,"111,377.00",,PROSPECT RSCH MGR 1,Higher Ed,CA
1625,2021,"62,131.00",,PROSPECT RSCH SPEC 2,Higher Ed,CA
1626,2021,"133,650.00",,PROSPECT RSCH MGR 1,Higher Ed,CA
1627,2021,"69,946.00",,PROSPECT RSCH SPEC 3,Higher Ed,CA
1628,2021,"87,374.00",,PROSPECT RSCH SPEC 2,Higher Ed,CA
1629,2020,"74,366.00",,PROSPECT RSCH SPEC 3,Higher Ed,CA
1630,2020,"135,533.00",,PROSPECT RSCH SPEC 4,Higher Ed,CA
1631,2020,"85,000.00",,PROSPECT RSCH SPEC 3,Higher Ed,CA
1632,2020,"91,954.00",,PROSPECT RSCH SPEC 4,Higher Ed,CA
1633,2020,"63,587.00",,PROSPECT RSCH SPEC 3,Higher Ed,CA
1634,2020,"88,776.00",,PROSPECT RSCH SPEC 4,Higher Ed,CA
1635,2020,"54,015.00",,PROSPECT RSCH SPEC 2,Higher Ed,CA
1636,2020,"71,064.00",,PROSPECT RSCH SPEC 3,Higher Ed,CA
1637,2020,"51,015.00",,PROSPECT RSCH SPEC 2,Higher Ed,CA
1638,2020,"75,291.00",,PROSPECT RSCH SPEC 3,Higher Ed,CA
1639,2020,"116,026.00",,PROSPECT RSCH SPEC 5,Higher Ed,CA
1640,2020,"64,016.00",,PROSPECT RSCH SPEC 3,Higher Ed,CA
1641,2020,"99,408.00",,PROSPECT RSCH SPEC 4,Higher Ed,CA
1642,2020,"144,900.00",,PROSPECT RSCH MGR 1,Higher Ed,CA
1643,2020,"58,350.00",,PROSPECT RSCH SPEC 2,Higher Ed,CA
1644,2020,"83,500.00",,PROSPECT RSCH SPEC 3,Higher Ed,CA
1645,2020,"125,000.00",,PROSPECT RSCH MGR 1,Higher Ed,CA
1646,2020,"70,782.00",,PROSPECT RSCH SPEC 2,Higher Ed,CA
1647,2020,"83,200.00",,PROSPECT RSCH SPEC 3,Higher Ed,CA
1648,2020,"56,430.00",,PROSPECT RSCH SPEC 2,Higher Ed,CA
1649,2020,"46,109.00",,PROSPECT RSCH SPEC 3,Higher Ed,CA
1650,2020,"66,953.00",,PROSPECT RSCH SPEC 3,Higher Ed,CA
1651,2020,"74,160.00",,PROSPECT RSCH SPEC 3,Higher Ed,CA
1652,2020,"65,521.00",,PROSPECT RSCH SPEC 4,Higher Ed,CA
1653,2020,"55,797.00",,PROSPECT RSCH SPEC 3,Higher Ed,CA
1654,2020,"74,753.00",,PROSPECT RSCH SPEC 3,Higher Ed,CA
1655,2020,"2,912.00",,PROSPECT RSCH SPEC 3,Higher Ed,CA
1656,2020,"69,503.00",,PROSPECT RSCH SPEC 3,Higher Ed,CA
1657,2020,"58,387.00",,PROSPECT RSCH SPEC 2,Higher Ed,CA
1658,2020,"67,388.00",,PROSPECT RSCH SPEC 3,Higher Ed,CA
1659,2020,"62,667.00",,PROSPECT RSCH SPEC 3,Higher Ed,CA
1660,2020,"75,645.00",,PROSPECT RSCH SPEC 3,Higher Ed,CA
1661,2020,"40,966.00",,PROSPECT RSCH SPEC 2,Higher Ed,CA
1662,2020,"60,847.00",,PROSPECT RSCH SPEC 2,Higher Ed,CA
1663,2020,"87,550.00",,PROSPECT RSCH SPEC 4,Higher Ed,CA
1664,2020,"96,154.00",,PROSPECT RSCH SPEC 4,Higher Ed,CA
1665,2020,"66,112.00",,PROSPECT RSCH SPEC 3,Higher Ed,CA
1666,2020,"64,334.00",,PROSPECT RSCH SPEC 3,Higher Ed,CA
1667,2020,"170,000.00",,PROSPECT RSCH MGR 2,Higher Ed,CA
1668,2020,"66,112.00",,PROSPECT RSCH SPEC 3,Higher Ed,CA
1669,2020,"110,000.00",,PROSPECT RSCH MGR 1,Higher Ed,CA
1670,2020,"132,000.00",,PROSPECT RSCH MGR 1,Higher Ed,CA
1671,2020,"67,145.00",,PROSPECT RSCH SPEC 3,Higher Ed,CA
1672,2019,"73,102.00",,PROSPECT RSCH SPEC 3,Higher Ed,CA
1673,2019,"132,859.00",,PROSPECT RSCH SPEC 4,Higher Ed,CA
1674,2019,"48,660.00",,PROSPECT RSCH SPEC 3,Higher Ed,CA
1675,2019,"64,880.00",,PROSPECT RSCH SPEC 3,Higher Ed,CA
1676,2019,"89,961.00",,PROSPECT RSCH SPEC 4,Higher Ed,CA
1677,2019,"58,861.00",,PROSPECT RSCH SPEC 3,Higher Ed,CA
1678,2019,"86,665.00",,PROSPECT RSCH SPEC 4,Higher Ed,CA
1679,2019,"53,582.00",,PROSPECT RSCH SPEC 2,Higher Ed,CA
1680,2019,"70,028.00",,PROSPECT RSCH SPEC 3,Higher Ed,CA
1681,2019,"8,968.00",,PROSPECT RSCH SPEC 2,Higher Ed,CA
1682,2019,"73,377.00",,PROSPECT RSCH SPEC 3,Higher Ed,CA
1683,2019,"114,375.00",,PROSPECT RSCH SPEC 5,Higher Ed,CA
1684,2019,"23,551.00",,PROSPECT RSCH SPEC 3,Higher Ed,CA
1685,2019,"141,767.00",,PROSPECT RSCH MGR 1,Higher Ed,CA
1686,2019,"57,883.00",,PROSPECT RSCH SPEC 2,Higher Ed,CA
1687,2019,"70,643.00",,PROSPECT RSCH SPEC 3,Higher Ed,CA
1688,2019,"102,716.00",,PROSPECT RSCH MGR 1,Higher Ed,CA
1689,2019,"34,721.00",,PROSPECT RSCH SPEC 2,Higher Ed,CA
1690,2019,"77,530.00",,PROSPECT RSCH SPEC 3,Higher Ed,CA
1691,2019,"55,650.00",,PROSPECT RSCH SPEC 2,Higher Ed,CA
1692,2019,"78,209.00",,PROSPECT RSCH SPEC 3,Higher Ed,CA
1693,2019,"65,815.00",,PROSPECT RSCH SPEC 3,Higher Ed,CA
1694,2019,"69,926.00",,PROSPECT RSCH SPEC 3,Higher Ed,CA
1695,2019,"71,342.00",,PROSPECT RSCH SPEC 3,Higher Ed,CA
1696,2019,"1,024.00",,PROSPECT RSCH SPEC 3,Higher Ed,CA
1697,2019,"73,059.00",,PROSPECT RSCH SPEC 3,Higher Ed,CA
1698,2019,"68,208.00",,PROSPECT RSCH SPEC 3,Higher Ed,CA
1699,2019,"55,712.00",,PROSPECT RSCH SPEC 2,Higher Ed,CA
1700,2019,"65,931.00",,PROSPECT RSCH SPEC 3,Higher Ed,CA
1701,2019,"72,194.00",,PROSPECT RSCH SPEC 3,Higher Ed,CA
1702,2019,"56,589.00",,PROSPECT RSCH SPEC 2,Higher Ed,CA
1703,2019,"60,098.00",,PROSPECT RSCH SPEC 2,Higher Ed,CA
1704,2019,"85,354.00",,PROSPECT RSCH SPEC 4,Higher Ed,CA
1705,2019,"94,363.00",,PROSPECT RSCH SPEC 4,Higher Ed,CA
1706,2019,"64,880.00",,PROSPECT RSCH SPEC 3,Higher Ed,CA
1707,2019,"64,170.00",,PROSPECT RSCH SPEC 3,Higher Ed,CA
1708,2019,"100,146.00",,PROSPECT RSCH SPEC 4,Higher Ed,CA
1709,2019,"107,799.00",,PROSPECT RSCH MGR 1,Higher Ed,CA
1710,2019,"62,429.00",,PROSPECT RSCH SPEC 3,Higher Ed,CA
1711,2018,"70,973.00",,PROSPECT RSCH SPEC 3,Higher Ed,CA
1712,2018,"128,581.00",,PROSPECT RSCH SPEC 4,Higher Ed,CA
1713,2018,"60,091.00",,PROSPECT RSCH SPEC 3,Higher Ed,CA
1714,2018,"55,866.00",,PROSPECT RSCH SPEC 2,Higher Ed,CA
1715,2018,"52,024.00",,PROSPECT RSCH SPEC 2,Higher Ed,CA
1716,2018,"29,029.00",,PROSPECT RSCH SPEC 3,Higher Ed,CA
1717,2018,"42,569.00",,PROSPECT RSCH SPEC 3,Higher Ed,CA
1718,2018,"67,625.00",,PROSPECT RSCH SPEC 3,Higher Ed,CA
1719,2018,"97,444.00",,PROSPECT RSCH SPEC 5,Higher Ed,CA
1720,2018,"56,200.00",,PROSPECT RSCH SPEC 2,Higher Ed,CA
1721,2018,"52,408.00",,PROSPECT RSCH SPEC 2,Higher Ed,CA
1722,2018,"54,225.00",,PROSPECT RSCH SPEC 2,Higher Ed,CA
1723,2018,"75,762.00",,PROSPECT RSCH SPEC 3,Higher Ed,CA
1724,2018,"63,898.00",,PROSPECT RSCH SPEC 3,Higher Ed,CA
1725,2018,"69,110.00",,PROSPECT RSCH SPEC 3,Higher Ed,CA
1726,2018,"43,521.00",,PROSPECT RSCH SPEC 3,Higher Ed,CA
1727,2018,"66,139.00",,PROSPECT RSCH SPEC 3,Higher Ed,CA
1728,2018,"54,091.00",,PROSPECT RSCH SPEC 2,Higher Ed,CA
1729,2018,"63,788.00",,PROSPECT RSCH SPEC 3,Higher Ed,CA
1730,2018,"69,935.00",,PROSPECT RSCH SPEC 3,Higher Ed,CA
1731,2018,"62,404.00",,PROSPECT RSCH SPEC 3,Higher Ed,CA
1732,2018,"58,122.00",,PROSPECT RSCH SPEC 2,Higher Ed,CA
1733,2018,"6,029.00",,PROSPECT RSCH SPEC 3,Higher Ed,CA
1734,2018,"62,301.00",,PROSPECT RSCH SPEC 3,Higher Ed,CA
1735,2018,"56,554.00",,PROSPECT RSCH SPEC 2,Higher Ed,CA
1736,2018,"37,917.00",,PROSPECT RSCH SPEC 3,Higher Ed,CA
1737,2017,"54,278.00",,PROSPECT RSCH SPEC 2,Higher Ed,CA
1738,2017,"54,068.00",,PROSPECT RSCH SPEC 2,Higher Ed,CA
1739,2017,"41,450.00",,PROSPECT RSCH SPEC 2,Higher Ed,CA
1740,2017,"52,836.00",,PROSPECT RSCH SPEC 2,Higher Ed,CA
1741,2017,"26,017.00",,PROSPECT RSCH SPEC 2,Higher Ed,CA
1742,2017,"43,985.00",,PROSPECT RSCH SPEC 2,Higher Ed,CA
1743,2025,"43,805.00",T,Prospect Management Coordinator ,Higher Ed,KY
1744,2025,"80,900.00",T,Senior Prospect Research Analyst (Development),Higher Ed,CA
1745,2025,"47,788.00",T,Assistant Director of Prospect Research,Higher Ed,MN
1746,2025,"47,788.00",T,Donor Experience Officer,Higher Ed,MN
1747,2026,"62,000.00",T,"Prospect Management Analyst, Business Intelligence, Prospect Strategies",Higher Ed,MA
1748,2026,"45,000.00",T,Prospect Management Analyst ,Higher Ed,UT
1749,2026,"41,000.00",T,Prospect Researcher I,Higher Ed,TX
1750,2026,"50,000.00",T,Senior Prospect Researcher,Higher Ed,TX
1751,2026,"56,000.00",T,Prospect Research and Management Analyst,Higher Ed,TN
1752,2026,"57,000.00",T,Prospect Research Analyst,Higher Ed,IN
1753,2026,"115,000.00",T,"Executive Director, Prospect Development",Higher Ed,MA
